{"elapsed_time": 5.803041338057483, "max_depth": 16, "min_samples_leaf": 1, "n_estimators": 500, "score": 0.7753623188405797}