{"elapsed_time": 25.8989666512027, "max_depth": 16, "min_samples_leaf": 1, "n_estimators": 1000, "score": 0.9693593314763231}