{"elapsed_time": 10.183751339412197, "max_depth": 16, "min_samples_leaf": 1, "n_estimators": 500, "score": 0.9475728155339805}