{"elapsed_time": 27.223195539808785, "max_depth": 16, "min_samples_leaf": 1, "n_estimators": 1500, "score": 0.9492643328259767}