{"max_depth": 16, "score": 0.9842845326716294, "n_estimators": 1000, "min_samples_leaf": 1, "elapsed_time": 3.7377445325297742}