{"elapsed_time": 5.286326705723447, "max_depth": 16, "min_samples_leaf": 1, "n_estimators": 1000, "score": 0.9916267942583732}