{"max_depth": 8, "score": 0.8442622950819673, "n_estimators": 500, "min_samples_leaf": 1, "elapsed_time": 1.4345348698768767}