{"elapsed_time": 2.6778632629517567, "max_depth": 16, "min_samples_leaf": 1, "n_estimators": 500, "score": 0.8470688190314358}