{"max_depth": 16, "score": 0.9125607217210271, "n_estimators": 1500, "min_samples_leaf": 5, "elapsed_time": 6.7009959889480655}