{"elapsed_time": 13.529123849952988, "max_depth": 16, "min_samples_leaf": 1, "n_estimators": 1500, "score": 0.9208020050125313}