{"elapsed_time": 15.144400333364842, "max_depth": 16, "min_samples_leaf": 1, "n_estimators": 1500, "score": 0.8768768768768769}