{"elapsed_time": 29.2809193807297, "max_depth": 16, "min_samples_leaf": 1, "n_estimators": 1500, "score": 0.6546250684181719}